Feature,Sub Feature,Test ID,Priority,Precondition,Manual Test Steps,Expected Result,FE Screen,Provider/BLoC,Service,Repository,API/WS,Handler,Usecase,DB Table,Migration,Validation,Auth,Business Logic,Integration FE->BE,Integration BE->DB,Integration WS,Logging,Analytics,Error Handling,Loading,Empty State,Retry,Offline,Reconnect,Security,Performance,Regression,Cross Check,Evidence,PASS/FAIL,Bug ID,Fix Required,Retest,Notes
Stats & Ranking,Leaderboard,STA-0572,Critical,System ready,Execute Leaderboard (Happy Path) end-to-end,Behavior matches specification without crash,Verify screen,Verify state,Verify service,Verify repository,GET /api/leaderboard,HandleLeaderboard,Verify usecase,player_stats,Verify migration,Verify validation,Public (no auth),Verify business rules,FE calls correct BE,DB updated correctly,N/A,Log created,Analytics created,Graceful error,Loading OK,Empty state OK,Retry OK,Offline handled,Reconnect handled,Security OK,Performance OK,No feature broken,"Cross-check: UI↔Provider↔API↔Handler↔Service↔Repo↔DB↔WS↔Log↔Analytics. Mark FAIL if any missing.",Screenshot/Log/API response,NOT RUN,,YES,,
Stats & Ranking,Leaderboard,STA-0573,Critical,System ready,Execute Leaderboard (Validation) end-to-end,Behavior matches specification without crash,Verify screen,Verify state,Verify service,Verify repository,GET /api/leaderboard,HandleLeaderboard,Verify usecase,player_stats,Verify migration,sort=rating|wins|games limit=1-100,Public (no auth),Verify business rules,FE calls correct BE,DB updated correctly,N/A,Log created,Analytics created,Graceful error,Loading OK,Empty state OK,Retry OK,Offline handled,Reconnect handled,Security OK,Performance OK,No feature broken,"Cross-check: UI↔Provider↔API↔Handler↔Service↔Repo↔DB↔WS↔Log↔Analytics. Mark FAIL if any missing.",Screenshot/Log/API response,NOT RUN,,YES,,
Stats & Ranking,Leaderboard,STA-0574,Critical,System ready,Execute Leaderboard (Error) end-to-end,Behavior matches specification without crash,Verify screen,Verify state,Verify service,Verify repository,GET /api/leaderboard,HandleLeaderboard,Verify usecase,player_stats,Verify migration,Verify validation,Public (no auth),Verify business rules,FE calls correct BE,DB updated correctly,N/A,Log created,Analytics created,Graceful error,Loading OK,Empty state OK,Retry OK,Offline handled,Reconnect handled,Security OK,Performance OK,No feature broken,"Cross-check: UI↔Provider↔API↔Handler↔Service↔Repo↔DB↔WS↔Log↔Analytics. Mark FAIL if any missing.",Screenshot/Log/API response,NOT RUN,,YES,,
Stats & Ranking,Leaderboard,STA-0575,Critical,System ready,Execute Leaderboard (Edge Case) end-to-end,Behavior matches specification without crash,Verify screen,Verify state,Verify service,Verify repository,GET /api/leaderboard,HandleLeaderboard,Verify usecase,player_stats,Verify migration,Verify validation,Public (no auth),Empty DB / 1000+ users / same rating tie,FE calls correct BE,DB updated correctly,N/A,Log created,Analytics created,Graceful error,Loading OK,Empty state OK,Retry OK,Offline handled,Reconnect handled,Security OK,Performance OK,No feature broken,"Cross-check: UI↔Provider↔API↔Handler↔Service↔Repo↔DB↔WS↔Log↔Analytics. Mark FAIL if any missing.",Screenshot/Log/API response,NOT RUN,,YES,,
Stats & Ranking,Leaderboard,STA-0576,Critical,System ready,Execute Leaderboard (Integration) end-to-end,Behavior matches specification without crash,Verify screen,Verify state,Verify service,Verify repository,GET /api/leaderboard,HandleLeaderboard,Verify usecase,player_stats,Verify migration,Verify validation,Public (no auth),Verify business rules,FE calls correct BE,DB updated correctly,N/A,Log created,Analytics created,Graceful error,Loading OK,Empty state OK,Retry OK,Offline handled,Reconnect handled,Security OK,Performance OK,No feature broken,"Cross-check: UI↔Provider↔API↔Handler↔Service↔Repo↔DB↔WS↔Log↔Analytics. Mark FAIL if any missing.",Screenshot/Log/API response,NOT RUN,,YES,,
Stats & Ranking,Leaderboard,STA-0577,Critical,System ready,Execute Leaderboard (Regression) end-to-end,Behavior matches specification without crash,Verify screen,Verify state,Verify service,Verify repository,GET /api/leaderboard,HandleLeaderboard,Verify usecase,player_stats,Verify migration,Verify validation,Public (no auth),Verify business rules,FE calls correct BE,DB updated correctly,N/A,Log created,Analytics created,Graceful error,Loading OK,Empty state OK,Retry OK,Offline handled,Reconnect handled,Security OK,Performance OK,No feature broken,"Cross-check: UI↔Provider↔API↔Handler↔Service↔Repo↔DB↔WS↔Log↔Analytics. Mark FAIL if any missing.",Screenshot/Log/API response,NOT RUN,,YES,,
Stats & Ranking,Player Stats,STA-0578,Critical,User logged in,Execute Player Stats (Happy Path) end-to-end,Behavior matches specification without crash,pages/stats/,authProvider,ApiService.getStats(),Verify repository,GET /api/stats,HandleStats,Verify usecase,player_stats,Verify migration,Verify validation,JWT required,games_played/won/per-role stats returned,FE calls correct BE,DB updated correctly,N/A,Log created,Analytics created,Graceful error,Loading OK,Empty state OK,Retry OK,Offline handled,Reconnect handled,Security OK,Performance OK,No feature broken,"Cross-check: UI↔Provider↔API↔Handler↔Service↔Repo↔DB↔WS↔Log↔Analytics. Mark FAIL if any missing.",Screenshot/Log/API response,NOT RUN,,YES,,
Stats & Ranking,Player Stats,STA-0579,Critical,User logged in,Execute Player Stats (Validation) end-to-end,Behavior matches specification without crash,pages/stats/,authProvider,ApiService.getStats(),Verify repository,GET /api/stats,HandleStats,Verify usecase,player_stats,Verify migration,Verify validation,JWT required,Verify business rules,FE calls correct BE,DB updated correctly,N/A,Log created,Analytics created,Graceful error,Loading OK,Empty state OK,Retry OK,Offline handled,Reconnect handled,Security OK,Performance OK,No feature broken,"Cross-check: UI↔Provider↔API↔Handler↔Service↔Repo↔DB↔WS↔Log↔Analytics. Mark FAIL if any missing.",Screenshot/Log/API response,NOT RUN,,YES,,
Stats & Ranking,Player Stats,STA-0580,Critical,User logged in,Execute Player Stats (Error) end-to-end,Behavior matches specification without crash,pages/stats/,authProvider,ApiService.getStats(),Verify repository,GET /api/stats,HandleStats,Verify usecase,player_stats,Verify migration,Verify validation,JWT required,Verify business rules,FE calls correct BE,DB updated correctly,N/A,Log created,Analytics created,Graceful error,Loading OK,Empty state OK,Retry OK,Offline handled,Reconnect handled,Security OK,Performance OK,No feature broken,"Cross-check: UI↔Provider↔API↔Handler↔Service↔Repo↔DB↔WS↔Log↔Analytics. Mark FAIL if any missing.",Screenshot/Log/API response,NOT RUN,,YES,,
Stats & Ranking,Player Stats,STA-0581,Critical,User logged in,Execute Player Stats (Edge Case) end-to-end,Behavior matches specification without crash,pages/stats/,authProvider,ApiService.getStats(),Verify repository,GET /api/stats,HandleStats,Verify usecase,player_stats,Verify migration,Verify validation,JWT required,New user with 0 games / user with 999+ games,FE calls correct BE,DB updated correctly,N/A,Log created,Analytics created,Graceful error,Loading OK,Empty state OK,Retry OK,Offline handled,Reconnect handled,Security OK,Performance OK,No feature broken,"Cross-check: UI↔Provider↔API↔Handler↔Service↔Repo↔DB↔WS↔Log↔Analytics. Mark FAIL if any missing.",Screenshot/Log/API response,NOT RUN,,YES,,
Stats & Ranking,Player Stats,STA-0582,Critical,User logged in,Execute Player Stats (Integration) end-to-end,Behavior matches specification without crash,pages/stats/,authProvider,ApiService.getStats(),Verify repository,GET /api/stats,HandleStats,Verify usecase,player_stats,Verify migration,Verify validation,JWT required,Verify business rules,FE calls correct BE,DB updated correctly,N/A,Log created,Analytics created,Graceful error,Loading OK,Empty state OK,Retry OK,Offline handled,Reconnect handled,Security OK,Performance OK,No feature broken,"Cross-check: UI↔Provider↔API↔Handler↔Service↔Repo↔DB↔WS↔Log↔Analytics. Mark FAIL if any missing.",Screenshot/Log/API response,NOT RUN,,YES,,
Stats & Ranking,Player Stats,STA-0583,Critical,User logged in,Execute Player Stats (Regression) end-to-end,Behavior matches specification without crash,pages/stats/,authProvider,ApiService.getStats(),Verify repository,GET /api/stats,HandleStats,Verify usecase,player_stats,Verify migration,Verify validation,JWT required,Verify business rules,FE calls correct BE,DB updated correctly,N/A,Log created,Analytics created,Graceful error,Loading OK,Empty state OK,Retry OK,Offline handled,Reconnect handled,Security OK,Performance OK,No feature broken,"Cross-check: UI↔Provider↔API↔Handler↔Service↔Repo↔DB↔WS↔Log↔Analytics. Mark FAIL if any missing.",Screenshot/Log/API response,NOT RUN,,YES,,
Stats & Ranking,Match History,STA-0584,High,User logged in,Execute Match History (Happy Path) end-to-end,Behavior matches specification without crash,pages/stats/,authProvider,ApiService.getHistory(),Verify repository,GET /api/history,HandleMatchHistory,Verify usecase,match_history,Verify migration,limit param 1-100,JWT required,Returns recent matches with results/roles/duration,FE calls correct BE,DB updated correctly,N/A,Log created,Analytics created,Graceful error,Loading OK,Empty state OK,Retry OK,Offline handled,Reconnect handled,Security OK,Performance OK,No feature broken,"Cross-check: UI↔Provider↔API↔Handler↔Service↔Repo↔DB↔WS↔Log↔Analytics. Mark FAIL if any missing.",Screenshot/Log/API response,NOT RUN,,YES,,
Stats & Ranking,Match History,STA-0585,High,User logged in,Execute Match History (Validation) end-to-end,Behavior matches specification without crash,pages/stats/,authProvider,ApiService.getHistory(),Verify repository,GET /api/history,HandleMatchHistory,Verify usecase,match_history,Verify migration,limit=0 / limit=999 / negative,JWT required,Verify business rules,FE calls correct BE,DB updated correctly,N/A,Log created,Analytics created,Graceful error,Loading OK,Empty state OK,Retry OK,Offline handled,Reconnect handled,Security OK,Performance OK,No feature broken,"Cross-check: UI↔Provider↔API↔Handler↔Service↔Repo↔DB↔WS↔Log↔Analytics. Mark FAIL if any missing.",Screenshot/Log/API response,NOT RUN,,YES,,
Stats & Ranking,Match History,STA-0586,High,User logged in,Execute Match History (Error) end-to-end,Behavior matches specification without crash,pages/stats/,authProvider,ApiService.getHistory(),Verify repository,GET /api/history,HandleMatchHistory,Verify usecase,match_history,Verify migration,Verify validation,JWT required,Verify business rules,FE calls correct BE,DB updated correctly,N/A,Log created,Analytics created,Graceful error,Loading OK,Empty state OK,Retry OK,Offline handled,Reconnect handled,Security OK,Performance OK,No feature broken,"Cross-check: UI↔Provider↔API↔Handler↔Service↔Repo↔DB↔WS↔Log↔Analytics. Mark FAIL if any missing.",Screenshot/Log/API response,NOT RUN,,YES,,
Stats & Ranking,Match History,STA-0587,High,User logged in,Execute Match History (Edge Case) end-to-end,Behavior matches specification without crash,pages/stats/,authProvider,ApiService.getHistory(),Verify repository,GET /api/history,HandleMatchHistory,Verify usecase,match_history,Verify migration,Verify validation,JWT required,0 matches / pagination boundary,FE calls correct BE,DB updated correctly,N/A,Log created,Analytics created,Graceful error,Loading OK,Empty state OK,Retry OK,Offline handled,Reconnect handled,Security OK,Performance OK,No feature broken,"Cross-check: UI↔Provider↔API↔Handler↔Service↔Repo↔DB↔WS↔Log↔Analytics. Mark FAIL if any missing.",Screenshot/Log/API response,NOT RUN,,YES,,
Stats & Ranking,Match History,STA-0588,High,User logged in,Execute Match History (Integration) end-to-end,Behavior matches specification without crash,pages/stats/,authProvider,ApiService.getHistory(),Verify repository,GET /api/history,HandleMatchHistory,Verify usecase,match_history,Verify migration,Verify validation,JWT required,Verify business rules,FE calls correct BE,DB updated correctly,N/A,Log created,Analytics created,Graceful error,Loading OK,Empty state OK,Retry OK,Offline handled,Reconnect handled,Security OK,Performance OK,No feature broken,"Cross-check: UI↔Provider↔API↔Handler↔Service↔Repo↔DB↔WS↔Log↔Analytics. Mark FAIL if any missing.",Screenshot/Log/API response,NOT RUN,,YES,,
Stats & Ranking,Match History,STA-0589,High,User logged in,Execute Match History (Regression) end-to-end,Behavior matches specification without crash,pages/stats/,authProvider,ApiService.getHistory(),Verify repository,GET /api/history,HandleMatchHistory,Verify usecase,match_history,Verify migration,Verify validation,JWT required,Verify business rules,FE calls correct BE,DB updated correctly,N/A,Log created,Analytics created,Graceful error,Loading OK,Empty state OK,Retry OK,Offline handled,Reconnect handled,Security OK,Performance OK,No feature broken,"Cross-check: UI↔Provider↔API↔Handler↔Service↔Repo↔DB↔WS↔Log↔Analytics. Mark FAIL if any missing.",Screenshot/Log/API response,NOT RUN,,YES,,
Stats & Ranking,Rank MMR,STA-0590,High,User logged in,Execute Rank MMR (Happy Path) end-to-end,Behavior matches specification without crash,Verify screen,authProvider,ApiService.getRankInfo(),Verify repository,GET /api/rank,HandleRankInfo,Verify usecase,ranking,Verify migration,Verify validation,JWT required,Returns rating/tier/progress/next_tier,FE calls correct BE,DB updated correctly,N/A,Log created,Analytics created,Graceful error,Loading OK,Empty state OK,Retry OK,Offline handled,Reconnect handled,Security OK,Performance OK,No feature broken,"Cross-check: UI↔Provider↔API↔Handler↔Service↔Repo↔DB↔WS↔Log↔Analytics. Mark FAIL if any missing.",Screenshot/Log/API response,NOT RUN,,YES,,
Stats & Ranking,Rank MMR,STA-0591,High,User logged in,Execute Rank MMR (Validation) end-to-end,Behavior matches specification without crash,Verify screen,authProvider,ApiService.getRankInfo(),Verify repository,GET /api/rank,HandleRankInfo,Verify usecase,ranking,Verify migration,Verify validation,JWT required,Verify business rules,FE calls correct BE,DB updated correctly,N/A,Log created,Analytics created,Graceful error,Loading OK,Empty state OK,Retry OK,Offline handled,Reconnect handled,Security OK,Performance OK,No feature broken,"Cross-check: UI↔Provider↔API↔Handler↔Service↔Repo↔DB↔WS↔Log↔Analytics. Mark FAIL if any missing.",Screenshot/Log/API response,NOT RUN,,YES,,
Stats & Ranking,Rank MMR,STA-0592,High,User logged in,Execute Rank MMR (Error) end-to-end,Behavior matches specification without crash,Verify screen,authProvider,ApiService.getRankInfo(),Verify repository,GET /api/rank,HandleRankInfo,Verify usecase,ranking,Verify migration,Verify validation,JWT required,Verify business rules,FE calls correct BE,DB updated correctly,N/A,Log created,Analytics created,Graceful error,Loading OK,Empty state OK,Retry OK,Offline handled,Reconnect handled,Security OK,Performance OK,No feature broken,"Cross-check: UI↔Provider↔API↔Handler↔Service↔Repo↔DB↔WS↔Log↔Analytics. Mark FAIL if any missing.",Screenshot/Log/API response,NOT RUN,,YES,,
Stats & Ranking,Rank MMR,STA-0593,High,User logged in,Execute Rank MMR (Edge Case) end-to-end,Behavior matches specification without crash,Verify screen,authProvider,ApiService.getRankInfo(),Verify repository,GET /api/rank,HandleRankInfo,Verify usecase,ranking,Verify migration,Verify validation,JWT required,Promotion/demotion boundary / max tier,FE calls correct BE,DB updated correctly,N/A,Log created,Analytics created,Graceful error,Loading OK,Empty state OK,Retry OK,Offline handled,Reconnect handled,Security OK,Performance OK,No feature broken,"Cross-check: UI↔Provider↔API↔Handler↔Service↔Repo↔DB↔WS↔Log↔Analytics. Mark FAIL if any missing.",Screenshot/Log/API response,NOT RUN,,YES,,
Stats & Ranking,Rank MMR,STA-0594,High,User logged in,Execute Rank MMR (Integration) end-to-end,Behavior matches specification without crash,Verify screen,authProvider,ApiService.getRankInfo(),Verify repository,GET /api/rank,HandleRankInfo,Verify usecase,ranking,Verify migration,Verify validation,JWT required,Verify business rules,FE calls correct BE,DB updated correctly,N/A,Log created,Analytics created,Graceful error,Loading OK,Empty state OK,Retry OK,Offline handled,Reconnect handled,Security OK,Performance OK,No feature broken,"Cross-check: UI↔Provider↔API↔Handler↔Service↔Repo↔DB↔WS↔Log↔Analytics. Mark FAIL if any missing.",Screenshot/Log/API response,NOT RUN,,YES,,
Stats & Ranking,Rank MMR,STA-0595,High,User logged in,Execute Rank MMR (Regression) end-to-end,Behavior matches specification without crash,Verify screen,authProvider,ApiService.getRankInfo(),Verify repository,GET /api/rank,HandleRankInfo,Verify usecase,ranking,Verify migration,Verify validation,JWT required,Verify business rules,FE calls correct BE,DB updated correctly,N/A,Log created,Analytics created,Graceful error,Loading OK,Empty state OK,Retry OK,Offline handled,Reconnect handled,Security OK,Performance OK,No feature broken,"Cross-check: UI↔Provider↔API↔Handler↔Service↔Repo↔DB↔WS↔Log↔Analytics. Mark FAIL if any missing.",Screenshot/Log/API response,NOT RUN,,YES,,
Stats & Ranking,XP Level,STA-0596,Medium,User logged in + game completed,Execute XP Level (Happy Path) end-to-end,Behavior matches specification without crash,Verify screen,authProvider,Verify service,Verify repository,Part of game_ended flow,HandleStats,Verify usecase,xp/profiles,Verify migration,Verify validation,JWT required,XP awarded after game / level up triggers,FE calls correct BE,DB updated correctly,N/A,Log created,Analytics created,Graceful error,Loading OK,Empty state OK,Retry OK,Offline handled,Reconnect handled,Security OK,Performance OK,No feature broken,"Cross-check: UI↔Provider↔API↔Handler↔Service↔Repo↔DB↔WS↔Log↔Analytics. Mark FAIL if any missing.",Screenshot/Log/API response,NOT RUN,,YES,,
Stats & Ranking,XP Level,STA-0597,Medium,User logged in + game completed,Execute XP Level (Validation) end-to-end,Behavior matches specification without crash,Verify screen,authProvider,Verify service,Verify repository,Part of game_ended flow,HandleStats,Verify usecase,xp/profiles,Verify migration,Verify validation,JWT required,Verify business rules,FE calls correct BE,DB updated correctly,N/A,Log created,Analytics created,Graceful error,Loading OK,Empty state OK,Retry OK,Offline handled,Reconnect handled,Security OK,Performance OK,No feature broken,"Cross-check: UI↔Provider↔API↔Handler↔Service↔Repo↔DB↔WS↔Log↔Analytics. Mark FAIL if any missing.",Screenshot/Log/API response,NOT RUN,,YES,,
Stats & Ranking,XP Level,STA-0598,Medium,User logged in + game completed,Execute XP Level (Error) end-to-end,Behavior matches specification without crash,Verify screen,authProvider,Verify service,Verify repository,Part of game_ended flow,HandleStats,Verify usecase,xp/profiles,Verify migration,Verify validation,JWT required,Verify business rules,FE calls correct BE,DB updated correctly,N/A,Log created,Analytics created,Graceful error,Loading OK,Empty state OK,Retry OK,Offline handled,Reconnect handled,Security OK,Performance OK,No feature broken,"Cross-check: UI↔Provider↔API↔Handler↔Service↔Repo↔DB↔WS↔Log↔Analytics. Mark FAIL if any missing.",Screenshot/Log/API response,NOT RUN,,YES,,
Stats & Ranking,XP Level,STA-0599,Medium,User logged in + game completed,Execute XP Level (Edge Case) end-to-end,Behavior matches specification without crash,Verify screen,authProvider,Verify service,Verify repository,Part of game_ended flow,HandleStats,Verify usecase,xp/profiles,Verify migration,Verify validation,JWT required,Max level / XP overflow / bot game XP,FE calls correct BE,DB updated correctly,N/A,Log created,Analytics created,Graceful error,Loading OK,Empty state OK,Retry OK,Offline handled,Reconnect handled,Security OK,Performance OK,No feature broken,"Cross-check: UI↔Provider↔API↔Handler↔Service↔Repo↔DB↔WS↔Log↔Analytics. Mark FAIL if any missing.",Screenshot/Log/API response,NOT RUN,,YES,,
Stats & Ranking,XP Level,STA-0600,Medium,User logged in + game completed,Execute XP Level (Integration) end-to-end,Behavior matches specification without crash,Verify screen,authProvider,Verify service,Verify repository,Part of game_ended flow,HandleStats,Verify usecase,xp/profiles,Verify migration,Verify validation,JWT required,Verify business rules,FE calls correct BE,DB updated correctly,N/A,Log created,Analytics created,Graceful error,Loading OK,Empty state OK,Retry OK,Offline handled,Reconnect handled,Security OK,Performance OK,No feature broken,"Cross-check: UI↔Provider↔API↔Handler↔Service↔Repo↔DB↔WS↔Log↔Analytics. Mark FAIL if any missing.",Screenshot/Log/API response,NOT RUN,,YES,,
Stats & Ranking,XP Level,STA-0601,Medium,User logged in + game completed,Execute XP Level (Regression) end-to-end,Behavior matches specification without crash,Verify screen,authProvider,Verify service,Verify repository,Part of game_ended flow,HandleStats,Verify usecase,xp/profiles,Verify migration,Verify validation,JWT required,Verify business rules,FE calls correct BE,DB updated correctly,N/A,Log created,Analytics created,Graceful error,Loading OK,Empty state OK,Retry OK,Offline handled,Reconnect handled,Security OK,Performance OK,No feature broken,"Cross-check: UI↔Provider↔API↔Handler↔Service↔Repo↔DB↔WS↔Log↔Analytics. Mark FAIL if any missing.",Screenshot/Log/API response,NOT RUN,,YES,,
Room,Public Room List,ROO-0602,Medium,User logged in + WS connected,Execute Public Room List (Happy Path) end-to-end,Behavior matches specification without crash,pages/room/,roomProvider,WebSocketService,Verify repository,WS get_public_rooms + GET /api/rooms/public,handleGetPublicRooms,Verify usecase,rooms,Verify migration,Verify validation,JWT required,Returns list of joinable public rooms,FE calls correct BE,DB updated correctly,WS event handled,Log created,Analytics created,Graceful error,Loading OK,Empty state OK,Retry OK,Offline handled,Reconnect handled,Security OK,Performance OK,No feature broken,"Cross-check: UI↔Provider↔API↔Handler↔Service↔Repo↔DB↔WS↔Log↔Analytics. Mark FAIL if any missing.",Screenshot/Log/API response,NOT RUN,,YES,,
Room,Public Room List,ROO-0603,Medium,User logged in + WS connected,Execute Public Room List (Validation) end-to-end,Behavior matches specification without crash,pages/room/,roomProvider,WebSocketService,Verify repository,WS get_public_rooms,handleGetPublicRooms,Verify usecase,rooms,Verify migration,Verify validation,JWT required,Verify business rules,FE calls correct BE,DB updated correctly,WS event handled,Log created,Analytics created,Graceful error,Loading OK,Empty state OK,Retry OK,Offline handled,Reconnect handled,Security OK,Performance OK,No feature broken,"Cross-check: UI↔Provider↔API↔Handler↔Service↔Repo↔DB↔WS↔Log↔Analytics. Mark FAIL if any missing.",Screenshot/Log/API response,NOT RUN,,YES,,
Room,Public Room List,ROO-0604,Medium,User logged in + WS connected,Execute Public Room List (Error) end-to-end,Behavior matches specification without crash,pages/room/,roomProvider,WebSocketService,Verify repository,WS get_public_rooms,handleGetPublicRooms,Verify usecase,rooms,Verify migration,Verify validation,JWT required,Verify business rules,FE calls correct BE,DB updated correctly,WS event handled,Log created,Analytics created,Graceful error,Loading OK,Empty state OK,Retry OK,Offline handled,Reconnect handled,Security OK,Performance OK,No feature broken,"Cross-check: UI↔Provider↔API↔Handler↔Service↔Repo↔DB↔WS↔Log↔Analytics. Mark FAIL if any missing.",Screenshot/Log/API response,NOT RUN,,YES,,
Room,Public Room List,ROO-0605,Medium,User logged in + WS connected,Execute Public Room List (Edge Case) end-to-end,Behavior matches specification without crash,pages/room/,roomProvider,WebSocketService,Verify repository,WS get_public_rooms,handleGetPublicRooms,Verify usecase,rooms,Verify migration,Verify validation,JWT required,0 rooms / max rooms limit reached / all rooms full,FE calls correct BE,DB updated correctly,WS event handled,Log created,Analytics created,Graceful error,Loading OK,Empty state OK,Retry OK,Offline handled,Reconnect handled,Security OK,Performance OK,No feature broken,"Cross-check: UI↔Provider↔API↔Handler↔Service↔Repo↔DB↔WS↔Log↔Analytics. Mark FAIL if any missing.",Screenshot/Log/API response,NOT RUN,,YES,,
Room,Public Room List,ROO-0606,Medium,User logged in + WS connected,Execute Public Room List (Integration) end-to-end,Behavior matches specification without crash,pages/room/,roomProvider,WebSocketService,Verify repository,WS get_public_rooms,handleGetPublicRooms,Verify usecase,rooms,Verify migration,Verify validation,JWT required,Verify business rules,FE calls correct BE,DB updated correctly,WS event handled,Log created,Analytics created,Graceful error,Loading OK,Empty state OK,Retry OK,Offline handled,Reconnect handled,Security OK,Performance OK,No feature broken,"Cross-check: UI↔Provider↔API↔Handler↔Service↔Repo↔DB↔WS↔Log↔Analytics. Mark FAIL if any missing.",Screenshot/Log/API response,NOT RUN,,YES,,
Room,Public Room List,ROO-0607,Medium,User logged in + WS connected,Execute Public Room List (Regression) end-to-end,Behavior matches specification without crash,pages/room/,roomProvider,WebSocketService,Verify repository,WS get_public_rooms,handleGetPublicRooms,Verify usecase,rooms,Verify migration,Verify validation,JWT required,Verify business rules,FE calls correct BE,DB updated correctly,WS event handled,Log created,Analytics created,Graceful error,Loading OK,Empty state OK,Retry OK,Offline handled,Reconnect handled,Security OK,Performance OK,No feature broken,"Cross-check: UI↔Provider↔API↔Handler↔Service↔Repo↔DB↔WS↔Log↔Analytics. Mark FAIL if any missing.",Screenshot/Log/API response,NOT RUN,,YES,,
Room,Spectator,ROO-0608,Medium,Game in progress + user not in room,Execute Spectator (Happy Path) end-to-end,Behavior matches specification without crash,pages/game/,gameProvider,WebSocketService,Verify repository,WS spectate_game,handleSpectateGame,Verify usecase,rooms,Verify migration,Verify validation,JWT required,Can view game state without participating / filtered state,FE calls correct BE,DB updated correctly,WS event handled,Log created,Analytics created,Graceful error,Loading OK,Empty state OK,Retry OK,Offline handled,Reconnect handled,Security OK,Performance OK,No feature broken,"Cross-check: UI↔Provider↔API↔Handler↔Service↔Repo↔DB↔WS↔Log↔Analytics. Mark FAIL if any missing.",Screenshot/Log/API response,NOT RUN,,YES,,
Room,Spectator,ROO-0609,Medium,Game in progress,Execute Spectator (Validation) end-to-end,Behavior matches specification without crash,pages/game/,gameProvider,WebSocketService,Verify repository,WS spectate_game,handleSpectateGame,Verify usecase,rooms,Verify migration,Invalid room / room not playing,JWT required,Verify business rules,FE calls correct BE,DB updated correctly,WS event handled,Log created,Analytics created,Graceful error,Loading OK,Empty state OK,Retry OK,Offline handled,Reconnect handled,Security OK,Performance OK,No feature broken,"Cross-check: UI↔Provider↔API↔Handler↔Service↔Repo↔DB↔WS↔Log↔Analytics. Mark FAIL if any missing.",Screenshot/Log/API response,NOT RUN,,YES,,
Room,Spectator,ROO-0610,Medium,Game in progress,Execute Spectator (Error) end-to-end,Behavior matches specification without crash,pages/game/,gameProvider,WebSocketService,Verify repository,WS spectate_game,handleSpectateGame,Verify usecase,rooms,Verify migration,Verify validation,JWT required,Verify business rules,FE calls correct BE,DB updated correctly,WS event handled,Log created,Analytics created,Graceful error,Loading OK,Empty state OK,Retry OK,Offline handled,Reconnect handled,Security OK,Performance OK,No feature broken,"Cross-check: UI↔Provider↔API↔Handler↔Service↔Repo↔DB↔WS↔Log↔Analytics. Mark FAIL if any missing.",Screenshot/Log/API response,NOT RUN,,YES,,
Room,Spectator,ROO-0611,Medium,Game in progress,Execute Spectator (Edge Case) end-to-end,Behavior matches specification without crash,pages/game/,gameProvider,WebSocketService,Verify repository,WS spectate_game,handleSpectateGame,Verify usecase,rooms,Verify migration,Verify validation,JWT required,Spectator can NOT vote/chat/act / game ends while spectating,FE calls correct BE,DB updated correctly,WS event handled,Log created,Analytics created,Graceful error,Loading OK,Empty state OK,Retry OK,Offline handled,Reconnect handled,Security OK,Performance OK,No feature broken,"Cross-check: UI↔Provider↔API↔Handler↔Service↔Repo↔DB↔WS↔Log↔Analytics. Mark FAIL if any missing.",Screenshot/Log/API response,NOT RUN,,YES,,
Room,Spectator,ROO-0612,Medium,Game in progress,Execute Spectator (Integration) end-to-end,Behavior matches specification without crash,pages/game/,gameProvider,WebSocketService,Verify repository,WS spectate_game,handleSpectateGame,Verify usecase,rooms,Verify migration,Verify validation,JWT required,Verify business rules,FE calls correct BE,DB updated correctly,WS event handled,Log created,Analytics created,Graceful error,Loading OK,Empty state OK,Retry OK,Offline handled,Reconnect handled,Security OK,Performance OK,No feature broken,"Cross-check: UI↔Provider↔API↔Handler↔Service↔Repo↔DB↔WS↔Log↔Analytics. Mark FAIL if any missing.",Screenshot/Log/API response,NOT RUN,,YES,,
Room,Spectator,ROO-0613,Medium,Game in progress,Execute Spectator (Regression) end-to-end,Behavior matches specification without crash,pages/game/,gameProvider,WebSocketService,Verify repository,WS spectate_game,handleSpectateGame,Verify usecase,rooms,Verify migration,Verify validation,JWT required,Verify business rules,FE calls correct BE,DB updated correctly,WS event handled,Log created,Analytics created,Graceful error,Loading OK,Empty state OK,Retry OK,Offline handled,Reconnect handled,Security OK,Performance OK,No feature broken,"Cross-check: UI↔Provider↔API↔Handler↔Service↔Repo↔DB↔WS↔Log↔Analytics. Mark FAIL if any missing.",Screenshot/Log/API response,NOT RUN,,YES,,
Room,Bot Management,ROO-0614,Medium,User is host in V2 room,Execute Bot Management (Happy Path) end-to-end,Behavior matches specification without crash,pages/lobby_v2/,roomV2Provider,WebSocketService,Verify repository,WS v2_add_bot / v2_remove_bot,handleAddBotV2 / handleRemoveBotV2,Verify usecase,rooms,Verify migration,seatIndex valid + empty,JWT required,Host can add/remove bots to empty seats / bots auto-ready,FE calls correct BE,DB updated correctly,WS event handled,Log created,Analytics created,Graceful error,Loading OK,Empty state OK,Retry OK,Offline handled,Reconnect handled,Security OK,Performance OK,No feature broken,"Cross-check: UI↔Provider↔API↔Handler↔Service↔Repo↔DB↔WS↔Log↔Analytics. Mark FAIL if any missing.",Screenshot/Log/API response,NOT RUN,,YES,,
Room,Bot Management,ROO-0615,Medium,User is host in V2 room,Execute Bot Management (Validation) end-to-end,Behavior matches specification without crash,pages/lobby_v2/,roomV2Provider,WebSocketService,Verify repository,WS v2_add_bot / v2_remove_bot,handleAddBotV2 / handleRemoveBotV2,Verify usecase,rooms,Verify migration,Non-host attempt / occupied seat / invalid index,JWT required,Verify business rules,FE calls correct BE,DB updated correctly,WS event handled,Log created,Analytics created,Graceful error,Loading OK,Empty state OK,Retry OK,Offline handled,Reconnect handled,Security OK,Performance OK,No feature broken,"Cross-check: UI↔Provider↔API↔Handler↔Service↔Repo↔DB↔WS↔Log↔Analytics. Mark FAIL if any missing.",Screenshot/Log/API response,NOT RUN,,YES,,
Room,Bot Management,ROO-0616,Medium,User is host in V2 room,Execute Bot Management (Error) end-to-end,Behavior matches specification without crash,pages/lobby_v2/,roomV2Provider,WebSocketService,Verify repository,WS v2_add_bot / v2_remove_bot,handleAddBotV2 / handleRemoveBotV2,Verify usecase,rooms,Verify migration,Verify validation,JWT required,Verify business rules,FE calls correct BE,DB updated correctly,WS event handled,Log created,Analytics created,Graceful error,Loading OK,Empty state OK,Retry OK,Offline handled,Reconnect handled,Security OK,Performance OK,No feature broken,"Cross-check: UI↔Provider↔API↔Handler↔Service↔Repo↔DB↔WS↔Log↔Analytics. Mark FAIL if any missing.",Screenshot/Log/API response,NOT RUN,,YES,,
Room,Bot Management,ROO-0617,Medium,User is host in V2 room,Execute Bot Management (Edge Case) end-to-end,Behavior matches specification without crash,pages/lobby_v2/,roomV2Provider,WebSocketService,Verify repository,WS v2_add_bot / v2_remove_bot,handleAddBotV2 / handleRemoveBotV2,Verify usecase,rooms,Verify migration,Verify validation,JWT required,Fill all seats with bots / remove during countdown,FE calls correct BE,DB updated correctly,WS event handled,Log created,Analytics created,Graceful error,Loading OK,Empty state OK,Retry OK,Offline handled,Reconnect handled,Security OK,Performance OK,No feature broken,"Cross-check: UI↔Provider↔API↔Handler↔Service↔Repo↔DB↔WS↔Log↔Analytics. Mark FAIL if any missing.",Screenshot/Log/API response,NOT RUN,,YES,,
Room,Bot Management,ROO-0618,Medium,User is host in V2 room,Execute Bot Management (Integration) end-to-end,Behavior matches specification without crash,pages/lobby_v2/,roomV2Provider,WebSocketService,Verify repository,WS v2_add_bot / v2_remove_bot,handleAddBotV2 / handleRemoveBotV2,Verify usecase,rooms,Verify migration,Verify validation,JWT required,Verify business rules,FE calls correct BE,DB updated correctly,WS event handled,Log created,Analytics created,Graceful error,Loading OK,Empty state OK,Retry OK,Offline handled,Reconnect handled,Security OK,Performance OK,No feature broken,"Cross-check: UI↔Provider↔API↔Handler↔Service↔Repo↔DB↔WS↔Log↔Analytics. Mark FAIL if any missing.",Screenshot/Log/API response,NOT RUN,,YES,,
Room,Bot Management,ROO-0619,Medium,User is host in V2 room,Execute Bot Management (Regression) end-to-end,Behavior matches specification without crash,pages/lobby_v2/,roomV2Provider,WebSocketService,Verify repository,WS v2_add_bot / v2_remove_bot,handleAddBotV2 / handleRemoveBotV2,Verify usecase,rooms,Verify migration,Verify validation,JWT required,Verify business rules,FE calls correct BE,DB updated correctly,WS event handled,Log created,Analytics created,Graceful error,Loading OK,Empty state OK,Retry OK,Offline handled,Reconnect handled,Security OK,Performance OK,No feature broken,"Cross-check: UI↔Provider↔API↔Handler↔Service↔Repo↔DB↔WS↔Log↔Analytics. Mark FAIL if any missing.",Screenshot/Log/API response,NOT RUN,,YES,,
Game,Timer Auto-Advance,GAM-0620,High,Game in progress + phase has timer,Execute Timer Auto-Advance (Happy Path) end-to-end,Behavior matches specification without crash,pages/game/,gameProvider,WebSocketService,Verify repository,WS game_state_update (auto),timer.go + ws/timer.go,AutoAdvanceOnTimeout,rooms/game_state,Verify migration,Timer duration per phase,JWT required,Phase auto-advances when timer expires / all players see transition,FE calls correct BE,DB updated correctly,WS event handled,Log created,Analytics created,Graceful error,Loading OK,Empty state OK,Retry OK,Offline handled,Reconnect handled,Security OK,Performance OK,No feature broken,"Cross-check: UI↔Provider↔API↔Handler↔Service↔Repo↔DB↔WS↔Log↔Analytics. Mark FAIL if any missing.",Screenshot/Log/API response,NOT RUN,,YES,,
Game,Timer Auto-Advance,GAM-0621,High,Game in progress,Execute Timer Auto-Advance (Validation) end-to-end,Behavior matches specification without crash,pages/game/,gameProvider,WebSocketService,Verify repository,WS game_state_update,timer.go,AutoAdvanceOnTimeout,rooms/game_state,Verify migration,Verify validation,JWT required,Verify business rules,FE calls correct BE,DB updated correctly,WS event handled,Log created,Analytics created,Graceful error,Loading OK,Empty state OK,Retry OK,Offline handled,Reconnect handled,Security OK,Performance OK,No feature broken,"Cross-check: UI↔Provider↔API↔Handler↔Service↔Repo↔DB↔WS↔Log↔Analytics. Mark FAIL if any missing.",Screenshot/Log/API response,NOT RUN,,YES,,
Game,Timer Auto-Advance,GAM-0622,High,Game in progress,Execute Timer Auto-Advance (Error) end-to-end,Behavior matches specification without crash,pages/game/,gameProvider,WebSocketService,Verify repository,WS game_state_update,timer.go,AutoAdvanceOnTimeout,rooms/game_state,Verify migration,Verify validation,JWT required,Verify business rules,FE calls correct BE,DB updated correctly,WS event handled,Log created,Analytics created,Graceful error,Loading OK,Empty state OK,Retry OK,Offline handled,Reconnect handled,Security OK,Performance OK,No feature broken,"Cross-check: UI↔Provider↔API↔Handler↔Service↔Repo↔DB↔WS↔Log↔Analytics. Mark FAIL if any missing.",Screenshot/Log/API response,NOT RUN,,YES,,
Game,Timer Auto-Advance,GAM-0623,High,Game in progress,Execute Timer Auto-Advance (Edge Case) end-to-end,Behavior matches specification without crash,pages/game/,gameProvider,WebSocketService,Verify repository,WS game_state_update,timer.go,AutoAdvanceOnTimeout,rooms/game_state,Verify migration,Verify validation,JWT required,All players DC during timer / action submitted at exact expiry,FE calls correct BE,DB updated correctly,WS event handled,Log created,Analytics created,Graceful error,Loading OK,Empty state OK,Retry OK,Offline handled,Reconnect handled,Security OK,Performance OK,No feature broken,"Cross-check: UI↔Provider↔API↔Handler↔Service↔Repo↔DB↔WS↔Log↔Analytics. Mark FAIL if any missing.",Screenshot/Log/API response,NOT RUN,,YES,,
Game,Timer Auto-Advance,GAM-0624,High,Game in progress,Execute Timer Auto-Advance (Integration) end-to-end,Behavior matches specification without crash,pages/game/,gameProvider,WebSocketService,Verify repository,WS game_state_update,timer.go,AutoAdvanceOnTimeout,rooms/game_state,Verify migration,Verify validation,JWT required,Verify business rules,FE calls correct BE,DB updated correctly,WS event handled,Log created,Analytics created,Graceful error,Loading OK,Empty state OK,Retry OK,Offline handled,Reconnect handled,Security OK,Performance OK,No feature broken,"Cross-check: UI↔Provider↔API↔Handler↔Service↔Repo↔DB↔WS↔Log↔Analytics. Mark FAIL if any missing.",Screenshot/Log/API response,NOT RUN,,YES,,
Game,Timer Auto-Advance,GAM-0625,High,Game in progress,Execute Timer Auto-Advance (Regression) end-to-end,Behavior matches specification without crash,pages/game/,gameProvider,WebSocketService,Verify repository,WS game_state_update,timer.go,AutoAdvanceOnTimeout,rooms/game_state,Verify migration,Verify validation,JWT required,Verify business rules,FE calls correct BE,DB updated correctly,WS event handled,Log created,Analytics created,Graceful error,Loading OK,Empty state OK,Retry OK,Offline handled,Reconnect handled,Security OK,Performance OK,No feature broken,"Cross-check: UI↔Provider↔API↔Handler↔Service↔Repo↔DB↔WS↔Log↔Analytics. Mark FAIL if any missing.",Screenshot/Log/API response,NOT RUN,,YES,,
Game,Win Condition,GAM-0626,High,Game in progress + elimination occurs,Execute Win Condition (Happy Path) end-to-end,Behavior matches specification without crash,pages/game/ + pages/results/,gameProvider,WebSocketService,Verify repository,WS game_ended,CheckWinCondition,Verify usecase,game_state/player_stats,Verify migration,Verify validation,JWT required,Red wins when wolves >= villagers / Blue wins when all wolves dead,FE calls correct BE,DB updated correctly,WS event handled,Log created,Analytics created,Graceful error,Loading OK,Empty state OK,Retry OK,Offline handled,Reconnect handled,Security OK,Performance OK,No feature broken,"Cross-check: UI↔Provider↔API↔Handler↔Service↔Repo↔DB↔WS↔Log↔Analytics. Mark FAIL if any missing.",Screenshot/Log/API response,NOT RUN,,YES,,
Game,Win Condition,GAM-0627,High,Game in progress,Execute Win Condition (Validation) end-to-end,Behavior matches specification without crash,pages/game/,gameProvider,WebSocketService,Verify repository,WS game_ended,CheckWinCondition,Verify usecase,game_state,Verify migration,Verify validation,JWT required,Verify business rules,FE calls correct BE,DB updated correctly,WS event handled,Log created,Analytics created,Graceful error,Loading OK,Empty state OK,Retry OK,Offline handled,Reconnect handled,Security OK,Performance OK,No feature broken,"Cross-check: UI↔Provider↔API↔Handler↔Service↔Repo↔DB↔WS↔Log↔Analytics. Mark FAIL if any missing.",Screenshot/Log/API response,NOT RUN,,YES,,
Game,Win Condition,GAM-0628,High,Game in progress,Execute Win Condition (Error) end-to-end,Behavior matches specification without crash,pages/game/,gameProvider,WebSocketService,Verify repository,WS game_ended,CheckWinCondition,Verify usecase,game_state,Verify migration,Verify validation,JWT required,Verify business rules,FE calls correct BE,DB updated correctly,WS event handled,Log created,Analytics created,Graceful error,Loading OK,Empty state OK,Retry OK,Offline handled,Reconnect handled,Security OK,Performance OK,No feature broken,"Cross-check: UI↔Provider↔API↔Handler↔Service↔Repo↔DB↔WS↔Log↔Analytics. Mark FAIL if any missing.",Screenshot/Log/API response,NOT RUN,,YES,,
Game,Win Condition,GAM-0629,High,Game in progress,Execute Win Condition (Edge Case) end-to-end,Behavior matches specification without crash,pages/game/,gameProvider,WebSocketService,Verify repository,WS game_ended,CheckWinCondition,Verify usecase,game_state,Verify migration,Verify validation,JWT required,All players DC / last wolf killed by witch at night / simultaneous deaths,FE calls correct BE,DB updated correctly,WS event handled,Log created,Analytics created,Graceful error,Loading OK,Empty state OK,Retry OK,Offline handled,Reconnect handled,Security OK,Performance OK,No feature broken,"Cross-check: UI↔Provider↔API↔Handler↔Service↔Repo↔DB↔WS↔Log↔Analytics. Mark FAIL if any missing.",Screenshot/Log/API response,NOT RUN,,YES,,
Game,Win Condition,GAM-0630,High,Game in progress,Execute Win Condition (Integration) end-to-end,Behavior matches specification without crash,pages/game/,gameProvider,WebSocketService,Verify repository,WS game_ended,CheckWinCondition,Verify usecase,game_state/player_stats,Verify migration,Verify validation,JWT required,Stats updated + XP awarded + ranking adjusted after win,FE calls correct BE,DB updated correctly,WS event handled,Log created,Analytics created,Graceful error,Loading OK,Empty state OK,Retry OK,Offline handled,Reconnect handled,Security OK,Performance OK,No feature broken,"Cross-check: UI↔Provider↔API↔Handler↔Service↔Repo↔DB↔WS↔Log↔Analytics. Mark FAIL if any missing.",Screenshot/Log/API response,NOT RUN,,YES,,
Game,Win Condition,GAM-0631,High,Game in progress,Execute Win Condition (Regression) end-to-end,Behavior matches specification without crash,pages/game/,gameProvider,WebSocketService,Verify repository,WS game_ended,CheckWinCondition,Verify usecase,game_state,Verify migration,Verify validation,JWT required,Verify business rules,FE calls correct BE,DB updated correctly,WS event handled,Log created,Analytics created,Graceful error,Loading OK,Empty state OK,Retry OK,Offline handled,Reconnect handled,Security OK,Performance OK,No feature broken,"Cross-check: UI↔Provider↔API↔Handler↔Service↔Repo↔DB↔WS↔Log↔Analytics. Mark FAIL if any missing.",Screenshot/Log/API response,NOT RUN,,YES,,
Social,Activity Feed,SOC-0632,Medium,User logged in,Execute Activity Feed (Happy Path) end-to-end,Behavior matches specification without crash,pages/social/,socialProvider,ApiService.getActivityFeed(),Verify repository,GET /api/social/feed,HandleActivityFeed,Verify usecase,activity_feed,Verify migration,scope=global|mine limit=1-100,JWT required,Returns gift/curse/achievement activity,FE calls correct BE,DB updated correctly,N/A,Log created,Analytics created,Graceful error,Loading OK,Empty state OK,Retry OK,Offline handled,Reconnect handled,Security OK,Performance OK,No feature broken,"Cross-check: UI↔Provider↔API↔Handler↔Service↔Repo↔DB↔WS↔Log↔Analytics. Mark FAIL if any missing.",Screenshot/Log/API response,NOT RUN,,YES,,
Social,Activity Feed,SOC-0633,Medium,User logged in,Execute Activity Feed (Validation) end-to-end,Behavior matches specification without crash,pages/social/,socialProvider,ApiService.getActivityFeed(),Verify repository,GET /api/social/feed,HandleActivityFeed,Verify usecase,activity_feed,Verify migration,Invalid scope / limit out of range,JWT required,Verify business rules,FE calls correct BE,DB updated correctly,N/A,Log created,Analytics created,Graceful error,Loading OK,Empty state OK,Retry OK,Offline handled,Reconnect handled,Security OK,Performance OK,No feature broken,"Cross-check: UI↔Provider↔API↔Handler↔Service↔Repo↔DB↔WS↔Log↔Analytics. Mark FAIL if any missing.",Screenshot/Log/API response,NOT RUN,,YES,,
Social,Activity Feed,SOC-0634,Medium,User logged in,Execute Activity Feed (Error) end-to-end,Behavior matches specification without crash,pages/social/,socialProvider,ApiService.getActivityFeed(),Verify repository,GET /api/social/feed,HandleActivityFeed,Verify usecase,activity_feed,Verify migration,Verify validation,JWT required,Verify business rules,FE calls correct BE,DB updated correctly,N/A,Log created,Analytics created,Graceful error,Loading OK,Empty state OK,Retry OK,Offline handled,Reconnect handled,Security OK,Performance OK,No feature broken,"Cross-check: UI↔Provider↔API↔Handler↔Service↔Repo↔DB↔WS↔Log↔Analytics. Mark FAIL if any missing.",Screenshot/Log/API response,NOT RUN,,YES,,
Social,Activity Feed,SOC-0635,Medium,User logged in,Execute Activity Feed (Edge Case) end-to-end,Behavior matches specification without crash,pages/social/,socialProvider,ApiService.getActivityFeed(),Verify repository,GET /api/social/feed,HandleActivityFeed,Verify usecase,activity_feed,Verify migration,Verify validation,JWT required,Empty feed / blocked user's gifts hidden,FE calls correct BE,DB updated correctly,N/A,Log created,Analytics created,Graceful error,Loading OK,Empty state OK,Retry OK,Offline handled,Reconnect handled,Security OK,Performance OK,No feature broken,"Cross-check: UI↔Provider↔API↔Handler↔Service↔Repo↔DB↔WS↔Log↔Analytics. Mark FAIL if any missing.",Screenshot/Log/API response,NOT RUN,,YES,,
Social,Activity Feed,SOC-0636,Medium,User logged in,Execute Activity Feed (Integration) end-to-end,Behavior matches specification without crash,pages/social/,socialProvider,ApiService.getActivityFeed(),Verify repository,GET /api/social/feed,HandleActivityFeed,Verify usecase,activity_feed,Verify migration,Verify validation,JWT required,Verify business rules,FE calls correct BE,DB updated correctly,N/A,Log created,Analytics created,Graceful error,Loading OK,Empty state OK,Retry OK,Offline handled,Reconnect handled,Security OK,Performance OK,No feature broken,"Cross-check: UI↔Provider↔API↔Handler↔Service↔Repo↔DB↔WS↔Log↔Analytics. Mark FAIL if any missing.",Screenshot/Log/API response,NOT RUN,,YES,,
Social,Activity Feed,SOC-0637,Medium,User logged in,Execute Activity Feed (Regression) end-to-end,Behavior matches specification without crash,pages/social/,socialProvider,ApiService.getActivityFeed(),Verify repository,GET /api/social/feed,HandleActivityFeed,Verify usecase,activity_feed,Verify migration,Verify validation,JWT required,Verify business rules,FE calls correct BE,DB updated correctly,N/A,Log created,Analytics created,Graceful error,Loading OK,Empty state OK,Retry OK,Offline handled,Reconnect handled,Security OK,Performance OK,No feature broken,"Cross-check: UI↔Provider↔API↔Handler↔Service↔Repo↔DB↔WS↔Log↔Analytics. Mark FAIL if any missing.",Screenshot/Log/API response,NOT RUN,,YES,,
Payment,Webhook Verification,PAY-0638,Critical,Midtrans configured + order created,Execute Webhook Verification (Happy Path) end-to-end,Behavior matches specification without crash,N/A (server-to-server),N/A,N/A,Verify repository,POST /api/payment/webhook,HandlePaymentWebhook,Verify usecase,payment_orders/diamond_balance,Verify migration,Signature verification + order_id match,No auth (Midtrans callback),Diamonds credited on settlement / order status updated,N/A,DB updated correctly,N/A,Log created,Analytics created,Graceful error,N/A,N/A,Idempotent (duplicate webhooks safe),N/A,N/A,Signature validation critical,Performance OK,No feature broken,"Cross-check: Midtrans↔Webhook↔Handler↔DB↔Diamond credit. Mark FAIL if any missing.",Screenshot/Log/API response,NOT RUN,,YES,,CRITICAL: Money flow
Payment,Webhook Verification,PAY-0639,Critical,Midtrans configured,Execute Webhook Verification (Validation) end-to-end,Behavior matches specification without crash,N/A,N/A,N/A,Verify repository,POST /api/payment/webhook,HandlePaymentWebhook,Verify usecase,payment_orders,Verify migration,Invalid signature / wrong order_id / missing fields,No auth,Reject invalid webhooks with 403/400,N/A,DB NOT updated on invalid,N/A,Log created,Analytics created,Graceful error,N/A,N/A,N/A,N/A,N/A,Security OK,Performance OK,No feature broken,"Cross-check: Midtrans↔Webhook↔Handler↔DB. Mark FAIL if any missing.",Screenshot/Log/API response,NOT RUN,,YES,,
Payment,Webhook Verification,PAY-0640,Critical,Midtrans configured,Execute Webhook Verification (Error) end-to-end,Behavior matches specification without crash,N/A,N/A,N/A,Verify repository,POST /api/payment/webhook,HandlePaymentWebhook,Verify usecase,payment_orders,Verify migration,DB down during webhook / timeout,No auth,Webhook returns 500 / Midtrans retries,N/A,DB updated correctly,N/A,Log created,Analytics created,Graceful error,N/A,N/A,N/A,N/A,N/A,Security OK,Performance OK,No feature broken,"Cross-check: Midtrans↔Webhook↔Handler↔DB. Mark FAIL if any missing.",Screenshot/Log/API response,NOT RUN,,YES,,
Payment,Webhook Verification,PAY-0641,Critical,Midtrans configured,Execute Webhook Verification (Edge Case) end-to-end,Behavior matches specification without crash,N/A,N/A,N/A,Verify repository,POST /api/payment/webhook,HandlePaymentWebhook,Verify usecase,payment_orders/diamond_balance,Verify migration,Duplicate webhook / fraud status / expired order / refund,No auth,Idempotent handling / no double-credit,N/A,DB updated correctly,N/A,Log created,Analytics created,Graceful error,N/A,N/A,N/A,N/A,N/A,Security OK,Performance OK,No feature broken,"Cross-check: Midtrans↔Webhook↔Handler↔DB. Mark FAIL if any missing.",Screenshot/Log/API response,NOT RUN,,YES,,CRITICAL: Double-credit prevention
Payment,Webhook Verification,PAY-0642,Critical,Midtrans configured,Execute Webhook Verification (Integration) end-to-end,Behavior matches specification without crash,N/A,N/A,N/A,Verify repository,POST /api/payment/webhook,HandlePaymentWebhook,Verify usecase,payment_orders/diamond_balance,Verify migration,Verify validation,No auth,Full flow: FE create order → Midtrans → webhook → diamond credited,N/A,DB updated correctly,N/A,Log created,Analytics created,Graceful error,N/A,N/A,N/A,N/A,N/A,Security OK,Performance OK,No feature broken,"Cross-check: FE↔CreateOrder↔Midtrans↔Webhook↔DB↔Diamond. Mark FAIL if any missing.",Screenshot/Log/API response,NOT RUN,,YES,,
Payment,Webhook Verification,PAY-0643,Critical,Midtrans configured,Execute Webhook Verification (Regression) end-to-end,Behavior matches specification without crash,N/A,N/A,N/A,Verify repository,POST /api/payment/webhook,HandlePaymentWebhook,Verify usecase,payment_orders/diamond_balance,Verify migration,Verify validation,No auth,Verify business rules,N/A,DB updated correctly,N/A,Log created,Analytics created,Graceful error,N/A,N/A,N/A,N/A,N/A,Security OK,Performance OK,No feature broken,"Cross-check: Midtrans↔Webhook↔Handler↔DB. Mark FAIL if any missing.",Screenshot/Log/API response,NOT RUN,,YES,,
Security,Input Sanitization,SEC-0644,High,System ready,Execute Input Sanitization (Happy Path) end-to-end,Behavior matches specification without crash,All input screens,All providers,All services,Verify repository,All endpoints with user input,All handlers,SanitizeString/SanitizeDisplayName/SanitizeChatMessage,N/A,N/A,"HTML escape / XSS prevention / SQL injection blocked",All,Malicious input sanitized without data loss,FE calls correct BE,DB updated correctly,WS event handled,Log created,Analytics created,Graceful error,Loading OK,Empty state OK,Retry OK,Offline handled,Reconnect handled,Security OK,Performance OK,No feature broken,"Cross-check: Input↔Sanitize↔Handler↔DB. Mark FAIL if any missing.",Screenshot/Log/API response,NOT RUN,,YES,,
Security,Input Sanitization,SEC-0645,High,System ready,Execute Input Sanitization (Validation) end-to-end,Behavior matches specification without crash,All input screens,All providers,All services,Verify repository,All endpoints,All handlers,ContainsSQLInjection check,N/A,N/A,"SQL injection patterns / script tags / null bytes",All,Verify business rules,FE calls correct BE,DB updated correctly,WS event handled,Log created,Analytics created,Graceful error,Loading OK,Empty state OK,Retry OK,Offline handled,Reconnect handled,Security OK,Performance OK,No feature broken,"Cross-check: Input↔Sanitize↔Handler↔DB. Mark FAIL if any missing.",Screenshot/Log/API response,NOT RUN,,YES,,
Security,Input Sanitization,SEC-0646,High,System ready,Execute Input Sanitization (Error) end-to-end,Behavior matches specification without crash,All input screens,All providers,All services,Verify repository,All endpoints,All handlers,Verify usecase,N/A,N/A,Verify validation,All,Verify business rules,FE calls correct BE,DB updated correctly,WS event handled,Log created,Analytics created,Graceful error,Loading OK,Empty state OK,Retry OK,Offline handled,Reconnect handled,Security OK,Performance OK,No feature broken,"Cross-check: Input↔Sanitize↔Handler↔DB. Mark FAIL if any missing.",Screenshot/Log/API response,NOT RUN,,YES,,
Security,Input Sanitization,SEC-0647,High,System ready,Execute Input Sanitization (Edge Case) end-to-end,Behavior matches specification without crash,All input screens,All providers,All services,Verify repository,All endpoints,All handlers,Verify usecase,N/A,N/A,Verify validation,All,"Unicode attacks / emoji bombs / max-length overflow / null chars",FE calls correct BE,DB updated correctly,WS event handled,Log created,Analytics created,Graceful error,Loading OK,Empty state OK,Retry OK,Offline handled,Reconnect handled,Security OK,Performance OK,No feature broken,"Cross-check: Input↔Sanitize↔Handler↔DB. Mark FAIL if any missing.",Screenshot/Log/API response,NOT RUN,,YES,,
Security,Input Sanitization,SEC-0648,High,System ready,Execute Input Sanitization (Integration) end-to-end,Behavior matches specification without crash,All input screens,All providers,All services,Verify repository,All endpoints,All handlers,Verify usecase,N/A,N/A,Verify validation,All,Verify business rules,FE calls correct BE,DB updated correctly,WS event handled,Log created,Analytics created,Graceful error,Loading OK,Empty state OK,Retry OK,Offline handled,Reconnect handled,Security OK,Performance OK,No feature broken,"Cross-check: Input↔Sanitize↔Handler↔DB. Mark FAIL if any missing.",Screenshot/Log/API response,NOT RUN,,YES,,
Security,Input Sanitization,SEC-0649,High,System ready,Execute Input Sanitization (Regression) end-to-end,Behavior matches specification without crash,All input screens,All providers,All services,Verify repository,All endpoints,All handlers,Verify usecase,N/A,N/A,Verify validation,All,Verify business rules,FE calls correct BE,DB updated correctly,WS event handled,Log created,Analytics created,Graceful error,Loading OK,Empty state OK,Retry OK,Offline handled,Reconnect handled,Security OK,Performance OK,No feature broken,"Cross-check: Input↔Sanitize↔Handler↔DB. Mark FAIL if any missing.",Screenshot/Log/API response,NOT RUN,,YES,,
Security,CORS Headers,SEC-0650,Medium,System ready,Execute CORS Headers (Happy Path) end-to-end,Behavior matches specification without crash,N/A (infra),N/A,N/A,N/A,All endpoints,corsMiddleware + securityHeadersMiddleware,Verify usecase,N/A,N/A,"Origin whitelist / X-Frame-Options / nosniff / HSTS",N/A,Correct CORS headers returned / preflight 200,N/A,N/A,N/A,Log created,N/A,Graceful error,N/A,N/A,N/A,N/A,N/A,Security OK,Performance OK,No feature broken,"Cross-check: Request↔Middleware↔Response headers. Mark FAIL if any missing.",Screenshot/Log/API response,NOT RUN,,YES,,
Security,CORS Headers,SEC-0651,Medium,System ready,Execute CORS Headers (Validation) end-to-end,Behavior matches specification without crash,N/A,N/A,N/A,N/A,All endpoints,corsMiddleware,Verify usecase,N/A,N/A,"Disallowed origin / no Origin header (mobile)",N/A,Verify business rules,N/A,N/A,N/A,Log created,N/A,Graceful error,N/A,N/A,N/A,N/A,N/A,Security OK,Performance OK,No feature broken,"Cross-check: Request↔Middleware↔Response. Mark FAIL if any missing.",Screenshot/Log/API response,NOT RUN,,YES,,
Security,CORS Headers,SEC-0652,Medium,System ready,Execute CORS Headers (Error) end-to-end,Behavior matches specification without crash,N/A,N/A,N/A,N/A,All endpoints,corsMiddleware,Verify usecase,N/A,N/A,Verify validation,N/A,Verify business rules,N/A,N/A,N/A,Log created,N/A,Graceful error,N/A,N/A,N/A,N/A,N/A,Security OK,Performance OK,No feature broken,"Cross-check: Request↔Middleware↔Response. Mark FAIL if any missing.",Screenshot/Log/API response,NOT RUN,,YES,,
Security,CORS Headers,SEC-0653,Medium,System ready,Execute CORS Headers (Edge Case) end-to-end,Behavior matches specification without crash,N/A,N/A,N/A,N/A,All endpoints,corsMiddleware,Verify usecase,N/A,N/A,Verify validation,N/A,Verify business rules,N/A,N/A,N/A,Log created,N/A,Graceful error,N/A,N/A,N/A,N/A,N/A,Security OK,Performance OK,No feature broken,"Cross-check: Request↔Middleware↔Response. Mark FAIL if any missing.",Screenshot/Log/API response,NOT RUN,,YES,,
Security,CORS Headers,SEC-0654,Medium,System ready,Execute CORS Headers (Integration) end-to-end,Behavior matches specification without crash,N/A,N/A,N/A,N/A,All endpoints,corsMiddleware,Verify usecase,N/A,N/A,Verify validation,N/A,Verify business rules,N/A,N/A,N/A,Log created,N/A,Graceful error,N/A,N/A,N/A,N/A,N/A,Security OK,Performance OK,No feature broken,"Cross-check: Request↔Middleware↔Response. Mark FAIL if any missing.",Screenshot/Log/API response,NOT RUN,,YES,,
Security,CORS Headers,SEC-0655,Medium,System ready,Execute CORS Headers (Regression) end-to-end,Behavior matches specification without crash,N/A,N/A,N/A,N/A,All endpoints,corsMiddleware,Verify usecase,N/A,N/A,Verify validation,N/A,Verify business rules,N/A,N/A,N/A,Log created,N/A,Graceful error,N/A,N/A,N/A,N/A,N/A,Security OK,Performance OK,No feature broken,"Cross-check: Request↔Middleware↔Response. Mark FAIL if any missing.",Screenshot/Log/API response,NOT RUN,,YES,,
Connectivity,WS Reconnect,CON-0656,High,User in game/lobby + WS disconnects,Execute WS Reconnect (Happy Path) end-to-end,Behavior matches specification without crash,All WS screens,All WS providers,WebSocketService,Verify repository,WS reconnect + reconnect_game/v2_reconnect_room,handleReconnectGame/handleReconnectRoomV2,Verify usecase,N/A,N/A,Verify validation,JWT required,Auto-reconnect with exponential backoff / state restored,FE calls correct BE,N/A,WS event handled,Log created,Analytics created,Graceful error,Loading OK,Empty state OK,Retry OK,Offline handled,Reconnect handled,Security OK,Performance OK,No feature broken,"Cross-check: Disconnect↔Backoff↔Reconnect↔StateRestore. Mark FAIL if any missing.",Screenshot/Log/API response,NOT RUN,,YES,,
Connectivity,WS Reconnect,CON-0657,High,User in game + WS disconnects,Execute WS Reconnect (Validation) end-to-end,Behavior matches specification without crash,All WS screens,All WS providers,WebSocketService,Verify repository,WS reconnect,Verify handler,Verify usecase,N/A,N/A,Expired token during reconnect,JWT required,Verify business rules,FE calls correct BE,N/A,WS event handled,Log created,Analytics created,Graceful error,Loading OK,Empty state OK,Retry OK,Offline handled,Reconnect handled,Security OK,Performance OK,No feature broken,"Cross-check: Disconnect↔Backoff↔Reconnect↔StateRestore. Mark FAIL if any missing.",Screenshot/Log/API response,NOT RUN,,YES,,
Connectivity,WS Reconnect,CON-0658,High,User in game + WS disconnects,Execute WS Reconnect (Error) end-to-end,Behavior matches specification without crash,All WS screens,All WS providers,WebSocketService,Verify repository,WS reconnect,Verify handler,Verify usecase,N/A,N/A,Verify validation,JWT required,Max attempts reached → stop reconnecting,FE calls correct BE,N/A,WS event handled,Log created,Analytics created,Graceful error,Loading OK,Empty state OK,Retry OK,Offline handled,Reconnect handled,Security OK,Performance OK,No feature broken,"Cross-check: Disconnect↔Backoff↔MaxAttempts. Mark FAIL if any missing.",Screenshot/Log/API response,NOT RUN,,YES,,
Connectivity,WS Reconnect,CON-0659,High,User in game + WS disconnects,Execute WS Reconnect (Edge Case) end-to-end,Behavior matches specification without crash,All WS screens,All WS providers,WebSocketService,Verify repository,WS reconnect,Verify handler,Verify usecase,N/A,N/A,Verify validation,JWT required,Game ended during disconnect / room destroyed during disconnect,FE calls correct BE,N/A,WS event handled,Log created,Analytics created,Graceful error,Loading OK,Empty state OK,Retry OK,Offline handled,Reconnect handled,Security OK,Performance OK,No feature broken,"Cross-check: Disconnect↔Reconnect↔StateGone. Mark FAIL if any missing.",Screenshot/Log/API response,NOT RUN,,YES,,
Connectivity,WS Reconnect,CON-0660,High,User in game + WS disconnects,Execute WS Reconnect (Integration) end-to-end,Behavior matches specification without crash,All WS screens,All WS providers,WebSocketService,Verify repository,WS reconnect + state restore,Verify handler,Verify usecase,N/A,N/A,Verify validation,JWT required,Full flow: disconnect → backoff → reconnect → room/game state restored,FE calls correct BE,N/A,WS event handled,Log created,Analytics created,Graceful error,Loading OK,Empty state OK,Retry OK,Offline handled,Reconnect handled,Security OK,Performance OK,No feature broken,"Cross-check: Disconnect↔Backoff↔Reconnect↔StateRestore. Mark FAIL if any missing.",Screenshot/Log/API response,NOT RUN,,YES,,
Connectivity,WS Reconnect,CON-0661,High,User in game + WS disconnects,Execute WS Reconnect (Regression) end-to-end,Behavior matches specification without crash,All WS screens,All WS providers,WebSocketService,Verify repository,WS reconnect,Verify handler,Verify usecase,N/A,N/A,Verify validation,JWT required,Verify business rules,FE calls correct BE,N/A,WS event handled,Log created,Analytics created,Graceful error,Loading OK,Empty state OK,Retry OK,Offline handled,Reconnect handled,Security OK,Performance OK,No feature broken,"Cross-check: Disconnect↔Backoff↔Reconnect↔StateRestore. Mark FAIL if any missing.",Screenshot/Log/API response,NOT RUN,,YES,,
Connectivity,Session Replaced,CON-0662,High,User logged in on device A,Execute Session Replaced (Happy Path) end-to-end,Behavior matches specification without crash,All screens (shows dialog),authProvider,WebSocketService,Verify repository,WS session_replaced,handleRegister (eviction),Verify usecase,N/A,N/A,Verify validation,JWT required,Login on device B → device A receives session_replaced → auto-disconnect → show dialog → no reconnect,FE calls correct BE,N/A,WS event handled,Log created,Analytics created,Graceful error,Loading OK,N/A,No retry (by design),N/A,No reconnect (by design),Security OK,Performance OK,No feature broken,"Cross-check: Login B↔Evict A↔WS session_replaced↔FE dialog↔Stop reconnect. Mark FAIL if any missing.",Screenshot/Log/API response,NOT RUN,,YES,,
Connectivity,Session Replaced,CON-0663,High,User logged in,Execute Session Replaced (Validation) end-to-end,Behavior matches specification without crash,All screens,authProvider,WebSocketService,Verify repository,WS session_replaced,handleRegister,Verify usecase,N/A,N/A,Verify validation,JWT required,Verify business rules,FE calls correct BE,N/A,WS event handled,Log created,Analytics created,Graceful error,Loading OK,N/A,N/A,N/A,N/A,Security OK,Performance OK,No feature broken,"Cross-check: Login↔Evict↔WS↔FE. Mark FAIL if any missing.",Screenshot/Log/API response,NOT RUN,,YES,,
Connectivity,Session Replaced,CON-0664,High,User logged in,Execute Session Replaced (Error) end-to-end,Behavior matches specification without crash,All screens,authProvider,WebSocketService,Verify repository,WS session_replaced,handleRegister,Verify usecase,N/A,N/A,Verify validation,JWT required,Verify business rules,FE calls correct BE,N/A,WS event handled,Log created,Analytics created,Graceful error,Loading OK,N/A,N/A,N/A,N/A,Security OK,Performance OK,No feature broken,"Cross-check: Login↔Evict↔WS↔FE. Mark FAIL if any missing.",Screenshot/Log/API response,NOT RUN,,YES,,
Connectivity,Session Replaced,CON-0665,High,User logged in + in game,Execute Session Replaced (Edge Case) end-to-end,Behavior matches specification without crash,Game screen,authProvider+gameProvider,WebSocketService,Verify repository,WS session_replaced,handleRegister,Verify usecase,N/A,N/A,Verify validation,JWT required,Session replaced during active game / during night action,FE calls correct BE,N/A,WS event handled,Log created,Analytics created,Graceful error,Loading OK,N/A,N/A,N/A,N/A,Security OK,Performance OK,No feature broken,"Cross-check: Login↔Evict↔WS↔Game state. Mark FAIL if any missing.",Screenshot/Log/API response,NOT RUN,,YES,,
Connectivity,Session Replaced,CON-0666,High,User logged in,Execute Session Replaced (Integration) end-to-end,Behavior matches specification without crash,All screens,authProvider,WebSocketService,Verify repository,WS session_replaced,handleRegister,Verify usecase,N/A,N/A,Verify validation,JWT required,Verify business rules,FE calls correct BE,N/A,WS event handled,Log created,Analytics created,Graceful error,Loading OK,N/A,N/A,N/A,N/A,Security OK,Performance OK,No feature broken,"Cross-check: Login↔Evict↔WS↔FE. Mark FAIL if any missing.",Screenshot/Log/API response,NOT RUN,,YES,,
Connectivity,Session Replaced,CON-0667,High,User logged in,Execute Session Replaced (Regression) end-to-end,Behavior matches specification without crash,All screens,authProvider,WebSocketService,Verify repository,WS session_replaced,handleRegister,Verify usecase,N/A,N/A,Verify validation,JWT required,Verify business rules,FE calls correct BE,N/A,WS event handled,Log created,Analytics created,Graceful error,Loading OK,N/A,N/A,N/A,N/A,Security OK,Performance OK,No feature broken,"Cross-check: Login↔Evict↔WS↔FE. Mark FAIL if any missing.",Screenshot/Log/API response,NOT RUN,,YES,,
Social,Gift Notification WS,SOC-0668,Medium,Receiver online + sender sends gift,Execute Gift Notification WS (Happy Path) end-to-end,Behavior matches specification without crash,Notification toast/popup,socialProvider,WebSocketService,Verify repository,WS gift_notification,sendGiftNotification,Verify usecase,notifications,Verify migration,Verify validation,JWT (receiver connected),Receiver sees realtime notification with gift name/emoji/sender,N/A,DB updated correctly,WS event handled,Log created,Analytics created,Graceful error,Loading OK,N/A,N/A,Offline handled,Reconnect handled,Security OK,Performance OK,No feature broken,"Cross-check: SendGift↔Handler↔WS↔FE notification. Mark FAIL if any missing.",Screenshot/Log/API response,NOT RUN,,YES,,
Social,Gift Notification WS,SOC-0669,Medium,Receiver online,Execute Gift Notification WS (Validation) end-to-end,Behavior matches specification without crash,Notification toast,socialProvider,WebSocketService,Verify repository,WS gift_notification,sendGiftNotification,Verify usecase,notifications,Verify migration,Verify validation,JWT,Verify business rules,N/A,DB updated correctly,WS event handled,Log created,Analytics created,Graceful error,Loading OK,N/A,N/A,Offline handled,Reconnect handled,Security OK,Performance OK,No feature broken,"Cross-check: SendGift↔Handler↔WS↔FE. Mark FAIL if any missing.",Screenshot/Log/API response,NOT RUN,,YES,,
Social,Gift Notification WS,SOC-0670,Medium,Receiver online,Execute Gift Notification WS (Error) end-to-end,Behavior matches specification without crash,Notification toast,socialProvider,WebSocketService,Verify repository,WS gift_notification,sendGiftNotification,Verify usecase,notifications,Verify migration,Verify validation,JWT,Verify business rules,N/A,DB updated correctly,WS event handled,Log created,Analytics created,Graceful error,Loading OK,N/A,N/A,Offline handled,Reconnect handled,Security OK,Performance OK,No feature broken,"Cross-check: SendGift↔Handler↔WS↔FE. Mark FAIL if any missing.",Screenshot/Log/API response,NOT RUN,,YES,,
Social,Gift Notification WS,SOC-0671,Medium,Receiver online,Execute Gift Notification WS (Edge Case) end-to-end,Behavior matches specification without crash,Notification toast,socialProvider,WebSocketService,Verify repository,WS gift_notification,sendGiftNotification,Verify usecase,notifications,Verify migration,Verify validation,JWT,Receiver offline (notification stored) / receiver blocked sender,N/A,DB updated correctly,WS event handled,Log created,Analytics created,Graceful error,Loading OK,N/A,N/A,Offline handled,Reconnect handled,Security OK,Performance OK,No feature broken,"Cross-check: SendGift↔Handler↔WS↔FE. Mark FAIL if any missing.",Screenshot/Log/API response,NOT RUN,,YES,,
Social,Gift Notification WS,SOC-0672,Medium,Receiver online,Execute Gift Notification WS (Integration) end-to-end,Behavior matches specification without crash,Notification toast,socialProvider,WebSocketService,Verify repository,WS gift_notification,sendGiftNotification,Verify usecase,notifications,Verify migration,Verify validation,JWT,Verify business rules,N/A,DB updated correctly,WS event handled,Log created,Analytics created,Graceful error,Loading OK,N/A,N/A,Offline handled,Reconnect handled,Security OK,Performance OK,No feature broken,"Cross-check: SendGift↔Handler↔WS↔FE. Mark FAIL if any missing.",Screenshot/Log/API response,NOT RUN,,YES,,
Social,Gift Notification WS,SOC-0673,Medium,Receiver online,Execute Gift Notification WS (Regression) end-to-end,Behavior matches specification without crash,Notification toast,socialProvider,WebSocketService,Verify repository,WS gift_notification,sendGiftNotification,Verify usecase,notifications,Verify migration,Verify validation,JWT,Verify business rules,N/A,DB updated correctly,WS event handled,Log created,Analytics created,Graceful error,Loading OK,N/A,N/A,Offline handled,Reconnect handled,Security OK,Performance OK,No feature broken,"Cross-check: SendGift↔Handler↔WS↔FE. Mark FAIL if any missing.",Screenshot/Log/API response,NOT RUN,,YES,,
Social,Gift Global Broadcast,SOC-0674,Medium,Legendary gift sent,Execute Gift Global Broadcast (Happy Path) end-to-end,Behavior matches specification without crash,All screens (banner/overlay),giftAnimationProvider,WebSocketService,Verify repository,WS gift_global_broadcast + gift_animation_broadcast,BroadcastAll,Verify usecase,N/A,N/A,broadcastType==global,N/A,ALL connected players see legendary gift announcement,N/A,N/A,WS event handled,Log created,Analytics created,Graceful error,Loading OK,N/A,N/A,N/A,N/A,Security OK,Performance OK,No feature broken,"Cross-check: SendGift(legendary)↔BroadcastAll↔All clients receive. Mark FAIL if any missing.",Screenshot/Log/API response,NOT RUN,,YES,,
Social,Gift Global Broadcast,SOC-0675,Medium,Legendary gift sent,Execute Gift Global Broadcast (Validation) end-to-end,Behavior matches specification without crash,All screens,giftAnimationProvider,WebSocketService,Verify repository,WS gift_global_broadcast,BroadcastAll,Verify usecase,N/A,N/A,Only legendary/global triggers broadcast,N/A,Verify business rules,N/A,N/A,WS event handled,Log created,Analytics created,Graceful error,Loading OK,N/A,N/A,N/A,N/A,Security OK,Performance OK,No feature broken,"Cross-check: BroadcastType↔BroadcastAll. Mark FAIL if any missing.",Screenshot/Log/API response,NOT RUN,,YES,,
Social,Gift Global Broadcast,SOC-0676,Medium,Legendary gift sent,Execute Gift Global Broadcast (Error) end-to-end,Behavior matches specification without crash,All screens,giftAnimationProvider,WebSocketService,Verify repository,WS gift_global_broadcast,BroadcastAll,Verify usecase,N/A,N/A,Verify validation,N/A,Verify business rules,N/A,N/A,WS event handled,Log created,Analytics created,Graceful error,Loading OK,N/A,N/A,N/A,N/A,Security OK,Performance OK,No feature broken,"Cross-check: BroadcastAll flow. Mark FAIL if any missing.",Screenshot/Log/API response,NOT RUN,,YES,,
Social,Gift Global Broadcast,SOC-0677,Medium,Legendary gift sent,Execute Gift Global Broadcast (Edge Case) end-to-end,Behavior matches specification without crash,All screens,giftAnimationProvider,WebSocketService,Verify repository,WS gift_global_broadcast,BroadcastAll,Verify usecase,N/A,N/A,Verify validation,N/A,1000+ clients connected / rapid sequential legendary gifts,N/A,N/A,WS event handled,Log created,Analytics created,Graceful error,Loading OK,N/A,N/A,N/A,N/A,Security OK,Performance OK,No feature broken,"Cross-check: Scale↔BroadcastAll↔Performance. Mark FAIL if any missing.",Screenshot/Log/API response,NOT RUN,,YES,,
Social,Gift Global Broadcast,SOC-0678,Medium,Legendary gift sent,Execute Gift Global Broadcast (Integration) end-to-end,Behavior matches specification without crash,All screens,giftAnimationProvider,WebSocketService,Verify repository,WS gift_global_broadcast,BroadcastAll,Verify usecase,N/A,N/A,Verify validation,N/A,Verify business rules,N/A,N/A,WS event handled,Log created,Analytics created,Graceful error,Loading OK,N/A,N/A,N/A,N/A,Security OK,Performance OK,No feature broken,"Cross-check: SendGift→BroadcastAll→FE overlay. Mark FAIL if any missing.",Screenshot/Log/API response,NOT RUN,,YES,,
Social,Gift Global Broadcast,SOC-0679,Medium,Legendary gift sent,Execute Gift Global Broadcast (Regression) end-to-end,Behavior matches specification without crash,All screens,giftAnimationProvider,WebSocketService,Verify repository,WS gift_global_broadcast,BroadcastAll,Verify usecase,N/A,N/A,Verify validation,N/A,Verify business rules,N/A,N/A,WS event handled,Log created,Analytics created,Graceful error,Loading OK,N/A,N/A,N/A,N/A,Security OK,Performance OK,No feature broken,"Cross-check: BroadcastAll flow. Mark FAIL if any missing.",Screenshot/Log/API response,NOT RUN,,YES,,
System,Gacha,SYS-0680,Medium,User has spin tokens/diamonds,Execute Gacha (Happy Path) end-to-end,Behavior matches specification without crash,pages/lucky_spin/,spinProvider,ApiService.doSpin(),Verify repository,POST /api/lucky-spin,HandleLuckySpin,Weighted random selection,lucky_spin/diamond_balance/inventory,Verify migration,Verify validation,JWT required,Weighted prize selection / item awarded / balance deducted,FE calls correct BE,DB updated correctly,N/A,Log created,Analytics created,Graceful error,Loading OK,Empty state OK,Retry OK,Offline handled,Reconnect handled,Security OK,Performance OK,No feature broken,"Cross-check: Spin↔WeightedRNG↔PrizeAward↔DB. Mark FAIL if any missing.",Screenshot/Log/API response,NOT RUN,,YES,,
System,Gacha,SYS-0681,Medium,User has spin tokens,Execute Gacha (Validation) end-to-end,Behavior matches specification without crash,pages/lucky_spin/,spinProvider,ApiService.doSpin(),Verify repository,POST /api/lucky-spin,HandleLuckySpin,Verify usecase,lucky_spin,Verify migration,No free spins left / insufficient diamonds,JWT required,Verify business rules,FE calls correct BE,DB updated correctly,N/A,Log created,Analytics created,Graceful error,Loading OK,Empty state OK,Retry OK,Offline handled,Reconnect handled,Security OK,Performance OK,No feature broken,"Cross-check: Spin↔Validation↔Reject. Mark FAIL if any missing.",Screenshot/Log/API response,NOT RUN,,YES,,
System,Gacha,SYS-0682,Medium,User has spin tokens,Execute Gacha (Error) end-to-end,Behavior matches specification without crash,pages/lucky_spin/,spinProvider,ApiService.doSpin(),Verify repository,POST /api/lucky-spin,HandleLuckySpin,Verify usecase,lucky_spin,Verify migration,Verify validation,JWT required,Verify business rules,FE calls correct BE,DB updated correctly,N/A,Log created,Analytics created,Graceful error,Loading OK,Empty state OK,Retry OK,Offline handled,Reconnect handled,Security OK,Performance OK,No feature broken,"Cross-check: Spin flow. Mark FAIL if any missing.",Screenshot/Log/API response,NOT RUN,,YES,,
System,Gacha,SYS-0683,Medium,User has spin tokens,Execute Gacha (Edge Case) end-to-end,Behavior matches specification without crash,pages/lucky_spin/,spinProvider,ApiService.doSpin(),Verify repository,POST /api/lucky-spin,HandleLuckySpin,Verify usecase,lucky_spin,Verify migration,Verify validation,JWT required,Rapid double-spin / jackpot probability / daily reset timing,FE calls correct BE,DB updated correctly,N/A,Log created,Analytics created,Graceful error,Loading OK,Empty state OK,Retry OK,Offline handled,Reconnect handled,Security OK,Performance OK,No feature broken,"Cross-check: Spin↔Idempotency↔WeightedRNG. Mark FAIL if any missing.",Screenshot/Log/API response,NOT RUN,,YES,,
System,Gacha,SYS-0684,Medium,User has spin tokens,Execute Gacha (Integration) end-to-end,Behavior matches specification without crash,pages/lucky_spin/,spinProvider,ApiService.doSpin(),Verify repository,POST /api/lucky-spin,HandleLuckySpin,Verify usecase,lucky_spin/inventory/diamond_balance,Verify migration,Verify validation,JWT required,Spin → prize → inventory updated → history recorded,FE calls correct BE,DB updated correctly,N/A,Log created,Analytics created,Graceful error,Loading OK,Empty state OK,Retry OK,Offline handled,Reconnect handled,Security OK,Performance OK,No feature broken,"Cross-check: FE↔API↔RNG↔DB↔Inventory. Mark FAIL if any missing.",Screenshot/Log/API response,NOT RUN,,YES,,
System,Gacha,SYS-0685,Medium,User has spin tokens,Execute Gacha (Regression) end-to-end,Behavior matches specification without crash,pages/lucky_spin/,spinProvider,ApiService.doSpin(),Verify repository,POST /api/lucky-spin,HandleLuckySpin,Verify usecase,lucky_spin,Verify migration,Verify validation,JWT required,Verify business rules,FE calls correct BE,DB updated correctly,N/A,Log created,Analytics created,Graceful error,Loading OK,Empty state OK,Retry OK,Offline handled,Reconnect handled,Security OK,Performance OK,No feature broken,"Cross-check: Spin flow. Mark FAIL if any missing.",Screenshot/Log/API response,NOT RUN,,YES,,
Profile,View Other Player,PRO-0686,Medium,User logged in + target user exists,Execute View Other Player (Happy Path) end-to-end,Behavior matches specification without crash,pages/profile/ (player route),authProvider,ApiService.getPlayerProfile(),Verify repository,GET /api/profile?userId=X,HandleProfile,Verify usecase,profiles/player_stats,Verify migration,Valid userId UUID,JWT required,Shows other player's public profile + stats + social stats,FE calls correct BE,DB updated correctly,N/A,Log created,Analytics created,Graceful error,Loading OK,Empty state OK,Retry OK,Offline handled,Reconnect handled,Security OK,Performance OK,No feature broken,"Cross-check: UI↔API↔Handler↔DB. Mark FAIL if any missing.",Screenshot/Log/API response,NOT RUN,,YES,,
Profile,View Other Player,PRO-0687,Medium,User logged in,Execute View Other Player (Validation) end-to-end,Behavior matches specification without crash,pages/profile/,authProvider,ApiService.getPlayerProfile(),Verify repository,GET /api/profile?userId=X,HandleProfile,Verify usecase,profiles,Verify migration,Invalid UUID / non-existent user,JWT required,Verify business rules,FE calls correct BE,DB updated correctly,N/A,Log created,Analytics created,Graceful error,Loading OK,Empty state OK,Retry OK,Offline handled,Reconnect handled,Security OK,Performance OK,No feature broken,"Cross-check: UI↔API↔Handler↔DB. Mark FAIL if any missing.",Screenshot/Log/API response,NOT RUN,,YES,,
Profile,View Other Player,PRO-0688,Medium,User logged in,Execute View Other Player (Error) end-to-end,Behavior matches specification without crash,pages/profile/,authProvider,ApiService.getPlayerProfile(),Verify repository,GET /api/profile?userId=X,HandleProfile,Verify usecase,profiles,Verify migration,Verify validation,JWT required,Verify business rules,FE calls correct BE,DB updated correctly,N/A,Log created,Analytics created,Graceful error,Loading OK,Empty state OK,Retry OK,Offline handled,Reconnect handled,Security OK,Performance OK,No feature broken,"Cross-check: UI↔API↔Handler↔DB. Mark FAIL if any missing.",Screenshot/Log/API response,NOT RUN,,YES,,
Profile,View Other Player,PRO-0689,Medium,User logged in,Execute View Other Player (Edge Case) end-to-end,Behavior matches specification without crash,pages/profile/,authProvider,ApiService.getPlayerProfile(),Verify repository,GET /api/profile?userId=X,HandleProfile,Verify usecase,profiles,Verify migration,Verify validation,JWT required,View own profile via userId param / deleted account / banned user,FE calls correct BE,DB updated correctly,N/A,Log created,Analytics created,Graceful error,Loading OK,Empty state OK,Retry OK,Offline handled,Reconnect handled,Security OK,Performance OK,No feature broken,"Cross-check: UI↔API↔Handler↔DB. Mark FAIL if any missing.",Screenshot/Log/API response,NOT RUN,,YES,,
Profile,View Other Player,PRO-0690,Medium,User logged in,Execute View Other Player (Integration) end-to-end,Behavior matches specification without crash,pages/profile/,authProvider,ApiService.getPlayerProfile(),Verify repository,GET /api/profile?userId=X,HandleProfile,Verify usecase,profiles/player_stats,Verify migration,Verify validation,JWT required,Verify business rules,FE calls correct BE,DB updated correctly,N/A,Log created,Analytics created,Graceful error,Loading OK,Empty state OK,Retry OK,Offline handled,Reconnect handled,Security OK,Performance OK,No feature broken,"Cross-check: UI↔API↔Handler↔DB. Mark FAIL if any missing.",Screenshot/Log/API response,NOT RUN,,YES,,
Profile,View Other Player,PRO-0691,Medium,User logged in,Execute View Other Player (Regression) end-to-end,Behavior matches specification without crash,pages/profile/,authProvider,ApiService.getPlayerProfile(),Verify repository,GET /api/profile?userId=X,HandleProfile,Verify usecase,profiles,Verify migration,Verify validation,JWT required,Verify business rules,FE calls correct BE,DB updated correctly,N/A,Log created,Analytics created,Graceful error,Loading OK,Empty state OK,Retry OK,Offline handled,Reconnect handled,Security OK,Performance OK,No feature broken,"Cross-check: UI↔API↔Handler↔DB. Mark FAIL if any missing.",Screenshot/Log/API response,NOT RUN,,YES,,